中转IP,中转端口,回源IP,国家,数据中心,IP类型,网络延迟,等效带宽,峰值速度
8.218.204.128,443,8.218.204.128,HK,Hong Kong,中转,46 ms,20 Mbps,2636 kB/s
8.210.92.27,443,8.210.92.27,HK,Hong Kong,中转,47 ms,0 Mbps,22 kB/s
8.210.118.122,443,8.210.118.122,HK,Hong Kong,中转,44 ms,114 Mbps,14643 kB/s
47.242.176.185,443,47.242.176.185,HK,Hong Kong,中转,47 ms,156 Mbps,20070 kB/s
35.201.203.106,443,35.201.203.106,TW,Taipei,中转,69 ms,380 Mbps,48742 kB/s
18.197.218.69,443,18.197.218.69,DE,Frankfurt,中转,148 ms,120 Mbps,15462 kB/s
8.218.148.106,443,8.218.148.106,HK,,中转,49 ms,0 Mbps,17 kB/s
47.57.14.118,443,198.11.178.111,US,San Jose,隧道,48 ms,1 Mbps,198 kB/s
43.153.103.203,443,43.153.103.203,US,San Jose,中转,151 ms,79 Mbps,10137 kB/s
149.129.8.215,443,47.254.26.25,US,San Jose,隧道,91 ms,3 Mbps,508 kB/s
155.248.202.141,443,155.248.202.141,US,San Jose,中转,159 ms,39 Mbps,5016 kB/s
103.160.204.175,443,0.0.0.0,CN,San Jose,官方,159 ms,null Mbps,null kB/s
103.160.204.71,443,0.0.0.0,CN,San Jose,官方,160 ms,null Mbps,null kB/s
18.184.55.249,443,18.184.55.249,DE,Frankfurt,中转,148 ms,8 Mbps,1052 kB/s
35.197.23.75,443,34.168.165.202,US,Seattle,隧道,174 ms,68 Mbps,8764 kB/s
47.236.145.85,443,47.236.145.85,SG,Singapore,中转,200 ms,48 Mbps,6210 kB/s
198.46.193.167,443,198.46.193.167,US,Dallas,中转,194 ms,45 Mbps,5859 kB/s
140.238.65.48,443,140.238.65.48,GB,London,中转,215 ms,47 Mbps,6088 kB/s
152.70.155.147,443,152.70.155.147,US,Los Angeles,中转,187 ms,94 Mbps,12083 kB/s
43.131.49.250,443,43.131.49.250,DE,Frankfurt,中转,226 ms,29 Mbps,3803 kB/s
198.23.254.51,443,198.23.254.51,US,San Jose,中转,152 ms,15 Mbps,2042 kB/s
129.159.84.71,443,129.159.84.71,US,Ashburn,中转,218 ms,0 Mbps,54 kB/s
144.21.51.110,443,144.21.51.110,GB,London,中转,229 ms,3 Mbps,502 kB/s
150.136.241.40,443,150.136.241.40,US,Ashburn,中转,210 ms,34 Mbps,4435 kB/s
35.230.79.26,443,34.168.165.202,US,Seattle,隧道,184 ms,3 Mbps,472 kB/s
34.82.76.253,443,34.127.109.144,US,Seattle,隧道,177 ms,1 Mbps,246 kB/s
47.236.117.48,443,47.236.117.48,SG,Singapore,中转,208 ms,75 Mbps,9661 kB/s
141.147.97.37,443,141.147.97.37,GB,London,中转,215 ms,27 Mbps,3561 kB/s
168.138.66.11,443,168.138.66.11,CA,Montréal,中转,224 ms,2 Mbps,288 kB/s
144.24.200.164,443,144.24.200.164,FR,Marseille,中转,262 ms,3 Mbps,417 kB/s
3.67.25.193,443,18.197.218.69,DE,Frankfurt,隧道,148 ms,1 Mbps,208 kB/s
140.238.1.158,443,140.238.1.158,KR,Tokyo,中转,90 ms,69 Mbps,8908 kB/s
43.153.80.208,443,43.153.80.208,US,San Jose,中转,164 ms,117 Mbps,15052 kB/s
141.148.229.106,443,141.148.229.106,NL,Amsterdam,中转,225 ms,20 Mbps,2603 kB/s
168.138.71.220,443,168.138.71.220,CA,Montréal,中转,224 ms,1 Mbps,236 kB/s
138.3.254.39,443,138.3.254.39,DE,Frankfurt,中转,1243 ms,11 Mbps,1512 kB/s
8.222.193.65,443,8.222.193.65,SG,Singapore,中转,1236 ms,68 Mbps,8709 kB/s
47.57.245.232,443,47.88.1.44,US,San Jose,隧道,48 ms,3 Mbps,384 kB/s
146.56.44.85,443,146.56.44.85,KR,Tokyo,中转,1118 ms,19 Mbps,2516 kB/s
8.219.144.168,443,8.219.144.168,SG,Singapore,中转,225 ms,67 Mbps,8644 kB/s
193.123.81.105,443,193.123.81.105,AE,Paris,中转,209 ms,0 Mbps,76 kB/s
192.9.177.204,443,192.9.177.204,AU,Sydney,中转,300 ms,1 Mbps,229 kB/s
130.61.239.203,443,130.61.239.203,DE,Frankfurt,中转,297 ms,0 Mbps,24 kB/s
140.238.195.98,443,140.238.195.98,AU,Sydney,中转,307 ms,7 Mbps,958 kB/s
154.211.8.2,443,0.0.0.0,CN,San Jose,官方,151 ms,null Mbps,null kB/s
140.238.158.238,443,140.238.158.238,CA,Toronto,中转,343 ms,0 Mbps,26 kB/s
143.47.242.195,443,143.47.242.195,GB,London,中转,217 ms,26 Mbps,3384 kB/s
154.211.8.5,443,0.0.0.0,CN,San Jose,官方,150 ms,null Mbps,null kB/s
154.211.8.3,443,0.0.0.0,CN,San Jose,官方,145 ms,null Mbps,null kB/s
144.24.189.21,443,144.24.189.21,DE,Frankfurt,中转,238 ms,11 Mbps,1488 kB/s
47.90.141.204,443,91.149.239.70,US,Los Angeles,隧道,210 ms,7 Mbps,968 kB/s
154.211.8.9,443,0.0.0.0,CN,San Jose,官方,182 ms,null Mbps,null kB/s
154.211.8.10,443,0.0.0.0,CN,San Jose,官方,168 ms,null Mbps,null kB/s
154.211.8.11,443,0.0.0.0,CN,San Jose,官方,160 ms,null Mbps,null kB/s
154.211.8.0,443,0.0.0.0,CN,San Jose,官方,151 ms,null Mbps,null kB/s
154.211.8.13,443,0.0.0.0,CN,San Jose,官方,152 ms,null Mbps,null kB/s
154.211.8.7,443,0.0.0.0,CN,San Jose,官方,152 ms,null Mbps,null kB/s
3.138.59.154,443,3.130.94.216,US,,隧道,216 ms,0 Mbps,114 kB/s
144.24.243.207,443,144.24.243.207,CH,,中转,243 ms,29 Mbps,3733 kB/s
35.157.240.237,443,2a05:d014:ed:9600:f52b:ab01:6bb:bc9d,DE,,隧道,143 ms,135 Mbps,17305 kB/s
3.112.21.102,443,3.112.21.102,JP,Tokyo,中转,55 ms,219 Mbps,28057 kB/s
154.211.8.16,443,0.0.0.0,CN,San Jose,官方,167 ms,null Mbps,null kB/s
154.211.8.20,443,0.0.0.0,CN,San Jose,官方,168 ms,null Mbps,null kB/s
154.211.8.12,443,0.0.0.0,CN,San Jose,官方,147 ms,null Mbps,null kB/s
154.211.8.1,443,0.0.0.0,CN,San Jose,官方,147 ms,null Mbps,null kB/s
154.211.8.19,443,0.0.0.0,CN,San Jose,官方,151 ms,null Mbps,null kB/s
23.94.43.51,443,23.94.43.51,US,Seattle,中转,181 ms,10 Mbps,1300 kB/s
154.211.8.24,443,0.0.0.0,CN,San Jose,官方,147 ms,null Mbps,null kB/s
154.211.8.18,443,0.0.0.0,CN,San Jose,官方,164 ms,null Mbps,null kB/s
154.211.8.23,443,0.0.0.0,CN,San Jose,官方,145 ms,null Mbps,null kB/s
154.211.8.8,443,0.0.0.0,CN,San Jose,官方,1191 ms,null Mbps,null kB/s
154.211.8.25,443,0.0.0.0,CN,San Jose,官方,163 ms,null Mbps,null kB/s
154.211.8.32,443,0.0.0.0,CN,San Jose,官方,146 ms,null Mbps,null kB/s
204.110.220.3,443,204.110.220.67,US,,隧道,165 ms,88 Mbps,11264 kB/s
154.211.8.29,443,0.0.0.0,CN,San Jose,官方,155 ms,null Mbps,null kB/s
154.211.8.22,443,0.0.0.0,CN,San Jose,官方,157 ms,null Mbps,null kB/s
154.211.8.21,443,0.0.0.0,CN,San Jose,官方,153 ms,null Mbps,null kB/s
54.203.85.46,443,204.110.220.58,US,,隧道,165 ms,91 Mbps,11673 kB/s
154.211.8.42,443,0.0.0.0,CN,San Jose,官方,149 ms,null Mbps,null kB/s
154.211.8.41,443,0.0.0.0,CN,San Jose,官方,155 ms,null Mbps,null kB/s
154.211.8.33,443,0.0.0.0,CN,San Jose,官方,162 ms,null Mbps,null kB/s
54.169.229.188,443,2406:da18:618:7e00:33b7:2027:d986:fdaa,SG,Singapore,隧道,91 ms,2 Mbps,381 kB/s
154.211.8.48,443,0.0.0.0,CN,San Jose,官方,142 ms,null Mbps,null kB/s
154.211.8.35,443,0.0.0.0,CN,San Jose,官方,145 ms,null Mbps,null kB/s
154.211.8.37,443,0.0.0.0,CN,San Jose,官方,154 ms,null Mbps,null kB/s
154.211.8.40,443,0.0.0.0,CN,San Jose,官方,157 ms,null Mbps,null kB/s
154.211.8.31,443,0.0.0.0,CN,San Jose,官方,148 ms,null Mbps,null kB/s
154.211.8.34,443,0.0.0.0,CN,San Jose,官方,1176 ms,null Mbps,null kB/s
154.211.8.50,443,0.0.0.0,CN,San Jose,官方,148 ms,null Mbps,null kB/s
154.211.8.55,443,0.0.0.0,CN,San Jose,官方,159 ms,null Mbps,null kB/s
154.211.8.27,443,0.0.0.0,CN,San Jose,官方,1170 ms,null Mbps,null kB/s
154.211.8.36,443,0.0.0.0,CN,San Jose,官方,157 ms,null Mbps,null kB/s
154.211.8.17,443,0.0.0.0,CN,San Jose,官方,156 ms,null Mbps,null kB/s
154.211.8.45,443,0.0.0.0,CN,San Jose,官方,161 ms,null Mbps,null kB/s
47.57.233.126,443,47.88.21.157,US,San Jose,隧道,48 ms,0 Mbps,31 kB/s
154.211.8.4,443,0.0.0.0,CN,San Jose,官方,158 ms,null Mbps,null kB/s
154.211.8.54,443,0.0.0.0,CN,San Jose,官方,148 ms,null Mbps,null kB/s
3.68.62.122,443,2a05:d014:ed:9600:f52b:ab01:6bb:bc9d,DE,,隧道,147 ms,109 Mbps,14028 kB/s
154.211.8.6,443,0.0.0.0,CN,San Jose,官方,1180 ms,null Mbps,null kB/s
154.211.8.39,443,0.0.0.0,CN,San Jose,官方,1175 ms,null Mbps,null kB/s
146.56.161.229,443,146.56.161.229,KR,Tokyo,中转,0 ms,101 Mbps,13004 kB/s
154.211.8.56,443,0.0.0.0,CN,San Jose,官方,159 ms,null Mbps,null kB/s
154.211.8.46,443,0.0.0.0,CN,San Jose,官方,183 ms,null Mbps,null kB/s
154.211.8.49,443,0.0.0.0,CN,San Jose,官方,158 ms,null Mbps,null kB/s
154.211.8.57,443,0.0.0.0,CN,San Jose,官方,158 ms,null Mbps,null kB/s
154.211.8.51,443,0.0.0.0,CN,San Jose,官方,153 ms,null Mbps,null kB/s
158.180.231.216,443,2603:c027:1:5610:e035:d6ae:8635:ee8d,IT,,隧道,277 ms,21 Mbps,2792 kB/s
154.211.8.53,443,0.0.0.0,CN,San Jose,官方,158 ms,null Mbps,null kB/s
18.191.122.211,443,3.130.94.216,US,,隧道,196 ms,0 Mbps,113 kB/s
154.211.8.63,443,0.0.0.0,CN,San Jose,官方,158 ms,null Mbps,null kB/s
154.211.8.61,443,0.0.0.0,CN,San Jose,官方,143 ms,null Mbps,null kB/s
154.211.8.68,443,0.0.0.0,CN,San Jose,官方,155 ms,null Mbps,null kB/s
154.211.8.43,443,0.0.0.0,CN,San Jose,官方,152 ms,null Mbps,null kB/s
154.211.8.62,443,0.0.0.0,CN,San Jose,官方,144 ms,null Mbps,null kB/s
154.211.8.65,443,0.0.0.0,CN,San Jose,官方,142 ms,null Mbps,null kB/s
154.211.8.59,443,0.0.0.0,CN,San Jose,官方,154 ms,null Mbps,null kB/s
154.211.8.52,443,0.0.0.0,CN,San Jose,官方,154 ms,null Mbps,null kB/s
154.211.8.47,443,0.0.0.0,CN,San Jose,官方,157 ms,null Mbps,null kB/s
154.211.8.15,443,0.0.0.0,CN,San Jose,官方,145 ms,null Mbps,null kB/s
154.211.8.66,443,0.0.0.0,CN,San Jose,官方,178 ms,null Mbps,null kB/s
154.211.8.74,443,0.0.0.0,CN,San Jose,官方,168 ms,null Mbps,null kB/s
154.211.8.70,443,0.0.0.0,CN,San Jose,官方,157 ms,null Mbps,null kB/s
154.211.8.75,443,0.0.0.0,CN,San Jose,官方,157 ms,null Mbps,null kB/s
154.211.8.72,443,0.0.0.0,CN,San Jose,官方,152 ms,null Mbps,null kB/s
18.185.254.189,443,2a05:d014:ed:9600:f52b:ab01:6bb:bc9d,DE,,隧道,1150 ms,134 Mbps,17203 kB/s
154.211.8.81,443,0.0.0.0,CN,San Jose,官方,145 ms,null Mbps,null kB/s
154.211.8.82,443,0.0.0.0,CN,San Jose,官方,146 ms,null Mbps,null kB/s
154.211.8.71,443,0.0.0.0,CN,San Jose,官方,159 ms,null Mbps,null kB/s
154.211.8.44,443,0.0.0.0,CN,San Jose,官方,1162 ms,null Mbps,null kB/s
154.211.8.76,443,0.0.0.0,CN,San Jose,官方,146 ms,null Mbps,null kB/s
154.211.8.80,443,0.0.0.0,CN,San Jose,官方,147 ms,null Mbps,null kB/s
154.211.8.28,443,0.0.0.0,CN,San Jose,官方,159 ms,null Mbps,null kB/s
144.24.80.56,443,2603:c024:8:5677:6f45:947f:3e3a:1eb8,KR,Tokyo,隧道,122 ms,0 Mbps,45 kB/s
154.211.8.77,443,0.0.0.0,CN,San Jose,官方,169 ms,null Mbps,null kB/s
154.211.8.93,443,0.0.0.0,CN,San Jose,官方,162 ms,null Mbps,null kB/s
154.211.8.83,443,0.0.0.0,CN,San Jose,官方,170 ms,null Mbps,null kB/s
154.211.8.60,443,0.0.0.0,CN,San Jose,官方,159 ms,null Mbps,null kB/s
154.211.8.88,443,0.0.0.0,CN,San Jose,官方,160 ms,null Mbps,null kB/s
154.211.8.69,443,0.0.0.0,CN,San Jose,官方,160 ms,null Mbps,null kB/s
154.211.8.84,443,0.0.0.0,CN,San Jose,官方,144 ms,null Mbps,null kB/s
154.211.8.73,443,0.0.0.0,CN,San Jose,官方,161 ms,null Mbps,null kB/s
154.211.8.85,443,0.0.0.0,CN,San Jose,官方,164 ms,null Mbps,null kB/s
154.211.8.78,443,0.0.0.0,CN,San Jose,官方,174 ms,null Mbps,null kB/s
154.211.8.94,443,0.0.0.0,CN,San Jose,官方,157 ms,null Mbps,null kB/s
154.211.8.64,443,0.0.0.0,CN,San Jose,官方,184 ms,null Mbps,null kB/s
154.211.8.104,443,0.0.0.0,CN,San Jose,官方,166 ms,null Mbps,null kB/s
154.211.8.79,443,0.0.0.0,CN,San Jose,官方,1188 ms,null Mbps,null kB/s
129.151.221.152,443,129.151.221.152,SE,,中转,244 ms,37 Mbps,4804 kB/s
154.211.8.86,443,0.0.0.0,CN,San Jose,官方,162 ms,null Mbps,null kB/s
154.211.8.101,443,0.0.0.0,CN,San Jose,官方,155 ms,null Mbps,null kB/s
154.211.8.95,443,0.0.0.0,CN,San Jose,官方,157 ms,null Mbps,null kB/s
154.211.8.103,443,0.0.0.0,CN,San Jose,官方,150 ms,null Mbps,null kB/s
154.211.8.117,443,0.0.0.0,CN,San Jose,官方,153 ms,null Mbps,null kB/s
154.211.8.89,443,0.0.0.0,CN,San Jose,官方,147 ms,null Mbps,null kB/s
154.211.8.106,443,0.0.0.0,CN,San Jose,官方,158 ms,null Mbps,null kB/s
154.211.8.107,443,0.0.0.0,CN,San Jose,官方,151 ms,null Mbps,null kB/s
154.211.8.102,443,0.0.0.0,CN,San Jose,官方,164 ms,null Mbps,null kB/s
154.211.8.98,443,0.0.0.0,CN,San Jose,官方,147 ms,null Mbps,null kB/s
154.211.8.90,443,0.0.0.0,CN,San Jose,官方,167 ms,null Mbps,null kB/s
154.211.8.87,443,0.0.0.0,CN,San Jose,官方,160 ms,null Mbps,null kB/s
154.211.8.115,443,0.0.0.0,CN,San Jose,官方,156 ms,null Mbps,null kB/s
154.211.8.109,443,0.0.0.0,CN,San Jose,官方,162 ms,null Mbps,null kB/s
154.211.8.97,443,0.0.0.0,CN,San Jose,官方,150 ms,null Mbps,null kB/s
154.211.8.113,443,0.0.0.0,CN,San Jose,官方,160 ms,null Mbps,null kB/s
154.211.8.96,443,0.0.0.0,CN,San Jose,官方,1177 ms,null Mbps,null kB/s
154.211.8.110,443,0.0.0.0,CN,San Jose,官方,160 ms,null Mbps,null kB/s
154.211.8.112,443,0.0.0.0,CN,San Jose,官方,159 ms,null Mbps,null kB/s
154.211.8.111,443,0.0.0.0,CN,San Jose,官方,157 ms,null Mbps,null kB/s
154.211.8.38,443,0.0.0.0,CN,San Jose,官方,157 ms,null Mbps,null kB/s
154.211.8.100,443,0.0.0.0,CN,San Jose,官方,158 ms,null Mbps,null kB/s
154.211.8.119,443,0.0.0.0,CN,San Jose,官方,181 ms,null Mbps,null kB/s
154.211.8.105,443,0.0.0.0,CN,San Jose,官方,167 ms,null Mbps,null kB/s
154.211.8.125,443,0.0.0.0,CN,San Jose,官方,156 ms,null Mbps,null kB/s
154.211.8.127,443,0.0.0.0,CN,San Jose,官方,159 ms,null Mbps,null kB/s
158.180.68.56,443,158.180.68.56,KR,San Jose,中转,145 ms,5 Mbps,727 kB/s
154.211.8.121,443,0.0.0.0,CN,San Jose,官方,149 ms,null Mbps,null kB/s
154.211.8.123,443,0.0.0.0,CN,San Jose,官方,146 ms,null Mbps,null kB/s
154.211.8.124,443,0.0.0.0,CN,San Jose,官方,151 ms,null Mbps,null kB/s
154.211.8.118,443,0.0.0.0,CN,San Jose,官方,145 ms,null Mbps,null kB/s
154.211.8.122,443,0.0.0.0,CN,San Jose,官方,145 ms,null Mbps,null kB/s
154.211.8.67,443,0.0.0.0,CN,San Jose,官方,160 ms,null Mbps,null kB/s
154.211.8.114,443,0.0.0.0,CN,San Jose,官方,159 ms,null Mbps,null kB/s
154.211.8.99,443,0.0.0.0,CN,San Jose,官方,160 ms,null Mbps,null kB/s
154.211.8.130,443,0.0.0.0,CN,San Jose,官方,160 ms,null Mbps,null kB/s
154.211.8.126,443,0.0.0.0,CN,San Jose,官方,155 ms,null Mbps,null kB/s
18.130.168.34,443,18.130.168.34,GB,,中转,171 ms,87 Mbps,11161 kB/s
154.211.8.108,443,0.0.0.0,CN,San Jose,官方,151 ms,null Mbps,null kB/s
154.211.8.144,443,0.0.0.0,CN,San Jose,官方,158 ms,null Mbps,null kB/s
154.211.8.128,443,0.0.0.0,CN,San Jose,官方,152 ms,null Mbps,null kB/s
154.211.8.133,443,0.0.0.0,CN,San Jose,官方,159 ms,null Mbps,null kB/s
3.144.191.4,443,3.144.191.4,US,Chicago,中转,199 ms,67 Mbps,8646 kB/s
154.211.8.135,443,0.0.0.0,CN,San Jose,官方,154 ms,null Mbps,null kB/s
154.211.8.134,443,0.0.0.0,CN,San Jose,官方,166 ms,null Mbps,null kB/s
154.211.8.132,443,0.0.0.0,CN,San Jose,官方,161 ms,null Mbps,null kB/s
154.211.8.136,443,0.0.0.0,CN,San Jose,官方,147 ms,null Mbps,null kB/s
154.211.8.92,443,0.0.0.0,CN,San Jose,官方,161 ms,null Mbps,null kB/s
154.211.8.138,443,0.0.0.0,CN,San Jose,官方,153 ms,null Mbps,null kB/s
154.211.8.139,443,0.0.0.0,CN,San Jose,官方,155 ms,null Mbps,null kB/s
154.211.8.143,443,0.0.0.0,CN,San Jose,官方,155 ms,null Mbps,null kB/s
154.211.8.131,443,0.0.0.0,CN,San Jose,官方,154 ms,null Mbps,null kB/s
154.211.8.145,443,0.0.0.0,CN,San Jose,官方,152 ms,null Mbps,null kB/s
154.211.8.161,443,0.0.0.0,CN,San Jose,官方,156 ms,null Mbps,null kB/s
154.211.8.140,443,0.0.0.0,CN,San Jose,官方,156 ms,null Mbps,null kB/s
154.211.8.162,443,0.0.0.0,CN,San Jose,官方,155 ms,null Mbps,null kB/s
154.211.8.120,443,0.0.0.0,CN,San Jose,官方,1146 ms,null Mbps,null kB/s
154.211.8.149,443,0.0.0.0,CN,San Jose,官方,158 ms,null Mbps,null kB/s
154.211.8.154,443,0.0.0.0,CN,San Jose,官方,160 ms,null Mbps,null kB/s
154.211.8.147,443,0.0.0.0,CN,San Jose,官方,156 ms,null Mbps,null kB/s
154.211.8.152,443,0.0.0.0,CN,San Jose,官方,155 ms,null Mbps,null kB/s
154.211.8.153,443,0.0.0.0,CN,San Jose,官方,159 ms,null Mbps,null kB/s
154.211.8.150,443,0.0.0.0,CN,San Jose,官方,157 ms,null Mbps,null kB/s
154.211.8.151,443,0.0.0.0,CN,San Jose,官方,155 ms,null Mbps,null kB/s
154.211.8.163,443,0.0.0.0,CN,San Jose,官方,157 ms,null Mbps,null kB/s
154.211.8.146,443,0.0.0.0,CN,San Jose,官方,161 ms,null Mbps,null kB/s
154.211.8.168,443,0.0.0.0,CN,San Jose,官方,167 ms,null Mbps,null kB/s
154.211.8.155,443,0.0.0.0,CN,San Jose,官方,155 ms,null Mbps,null kB/s
154.211.8.172,443,0.0.0.0,CN,San Jose,官方,146 ms,null Mbps,null kB/s
154.211.8.158,443,0.0.0.0,CN,San Jose,官方,154 ms,null Mbps,null kB/s
154.211.8.175,443,0.0.0.0,CN,San Jose,官方,168 ms,null Mbps,null kB/s
154.211.8.165,443,0.0.0.0,CN,San Jose,官方,176 ms,null Mbps,null kB/s
154.211.8.159,443,0.0.0.0,CN,San Jose,官方,157 ms,null Mbps,null kB/s
154.211.8.164,443,0.0.0.0,CN,San Jose,官方,160 ms,null Mbps,null kB/s
154.211.8.167,443,0.0.0.0,CN,San Jose,官方,181 ms,null Mbps,null kB/s
154.211.8.169,443,0.0.0.0,CN,San Jose,官方,150 ms,null Mbps,null kB/s
154.211.8.141,443,0.0.0.0,CN,San Jose,官方,185 ms,null Mbps,null kB/s
154.211.8.160,443,0.0.0.0,CN,San Jose,官方,148 ms,null Mbps,null kB/s
154.211.8.179,443,0.0.0.0,CN,San Jose,官方,144 ms,null Mbps,null kB/s
154.211.8.157,443,0.0.0.0,CN,San Jose,官方,151 ms,null Mbps,null kB/s
154.211.8.176,443,0.0.0.0,CN,San Jose,官方,172 ms,null Mbps,null kB/s
154.211.8.183,443,0.0.0.0,CN,San Jose,官方,156 ms,null Mbps,null kB/s
154.211.8.91,443,0.0.0.0,CN,San Jose,官方,158 ms,null Mbps,null kB/s
154.211.8.186,443,0.0.0.0,CN,San Jose,官方,154 ms,null Mbps,null kB/s
154.211.8.137,443,0.0.0.0,CN,San Jose,官方,155 ms,null Mbps,null kB/s
154.211.8.174,443,0.0.0.0,CN,San Jose,官方,161 ms,null Mbps,null kB/s
154.211.8.171,443,0.0.0.0,CN,San Jose,官方,157 ms,null Mbps,null kB/s
154.211.8.190,443,0.0.0.0,CN,San Jose,官方,161 ms,null Mbps,null kB/s
154.211.8.129,443,0.0.0.0,CN,San Jose,官方,159 ms,null Mbps,null kB/s
154.211.8.184,443,0.0.0.0,CN,San Jose,官方,179 ms,null Mbps,null kB/s
154.211.8.178,443,0.0.0.0,CN,San Jose,官方,159 ms,null Mbps,null kB/s
154.211.8.193,443,0.0.0.0,CN,San Jose,官方,147 ms,null Mbps,null kB/s
154.211.8.180,443,0.0.0.0,CN,San Jose,官方,144 ms,null Mbps,null kB/s
154.211.8.185,443,0.0.0.0,CN,San Jose,官方,170 ms,null Mbps,null kB/s
154.211.8.202,443,0.0.0.0,CN,San Jose,官方,155 ms,null Mbps,null kB/s
154.211.8.197,443,0.0.0.0,CN,San Jose,官方,147 ms,null Mbps,null kB/s
154.211.8.201,443,0.0.0.0,CN,San Jose,官方,151 ms,null Mbps,null kB/s
3.66.115.225,443,2a05:d014:ed:9600:f52b:ab01:6bb:bc9d,DE,,隧道,1173 ms,129 Mbps,16588 kB/s
154.211.8.203,443,0.0.0.0,CN,San Jose,官方,146 ms,null Mbps,null kB/s
154.211.8.170,443,0.0.0.0,CN,San Jose,官方,152 ms,null Mbps,null kB/s
154.211.8.182,443,0.0.0.0,CN,San Jose,官方,166 ms,null Mbps,null kB/s
154.211.8.173,443,0.0.0.0,CN,San Jose,官方,167 ms,null Mbps,null kB/s
154.211.8.204,443,0.0.0.0,CN,San Jose,官方,148 ms,null Mbps,null kB/s
154.211.8.200,443,0.0.0.0,CN,San Jose,官方,144 ms,null Mbps,null kB/s
154.211.8.189,443,0.0.0.0,CN,San Jose,官方,160 ms,null Mbps,null kB/s
154.211.8.166,443,0.0.0.0,CN,San Jose,官方,147 ms,null Mbps,null kB/s
154.211.8.191,443,0.0.0.0,CN,San Jose,官方,163 ms,null Mbps,null kB/s
154.211.8.205,443,0.0.0.0,CN,San Jose,官方,182 ms,null Mbps,null kB/s
154.211.8.223,443,0.0.0.0,CN,San Jose,官方,156 ms,null Mbps,null kB/s
154.211.8.196,443,0.0.0.0,CN,San Jose,官方,156 ms,null Mbps,null kB/s
154.211.8.181,443,0.0.0.0,CN,San Jose,官方,1161 ms,null Mbps,null kB/s
154.211.8.192,443,0.0.0.0,CN,San Jose,官方,159 ms,null Mbps,null kB/s
154.211.8.214,443,0.0.0.0,CN,San Jose,官方,167 ms,null Mbps,null kB/s
154.211.8.195,443,0.0.0.0,CN,San Jose,官方,167 ms,null Mbps,null kB/s
154.211.8.194,443,0.0.0.0,CN,San Jose,官方,160 ms,null Mbps,null kB/s
154.211.8.177,443,0.0.0.0,CN,San Jose,官方,157 ms,null Mbps,null kB/s
154.211.8.148,443,0.0.0.0,CN,San Jose,官方,170 ms,null Mbps,null kB/s
154.211.8.218,443,0.0.0.0,CN,San Jose,官方,146 ms,null Mbps,null kB/s
154.211.8.188,443,0.0.0.0,CN,San Jose,官方,146 ms,null Mbps,null kB/s
154.211.8.208,443,0.0.0.0,CN,San Jose,官方,1166 ms,null Mbps,null kB/s
154.211.8.207,443,0.0.0.0,CN,San Jose,官方,167 ms,null Mbps,null kB/s
154.211.8.224,443,0.0.0.0,CN,San Jose,官方,144 ms,null Mbps,null kB/s
154.211.8.198,443,0.0.0.0,CN,San Jose,官方,178 ms,null Mbps,null kB/s
154.211.8.219,443,0.0.0.0,CN,San Jose,官方,151 ms,null Mbps,null kB/s
154.211.8.220,443,0.0.0.0,CN,San Jose,官方,169 ms,null Mbps,null kB/s
154.211.8.213,443,0.0.0.0,CN,San Jose,官方,153 ms,null Mbps,null kB/s
154.211.8.210,443,0.0.0.0,CN,San Jose,官方,157 ms,null Mbps,null kB/s
154.211.8.236,443,0.0.0.0,CN,San Jose,官方,156 ms,null Mbps,null kB/s
154.211.8.226,443,0.0.0.0,CN,San Jose,官方,155 ms,null Mbps,null kB/s
154.211.8.244,443,0.0.0.0,CN,San Jose,官方,163 ms,null Mbps,null kB/s
154.211.8.211,443,0.0.0.0,CN,San Jose,官方,157 ms,null Mbps,null kB/s
154.211.8.221,443,0.0.0.0,CN,San Jose,官方,182 ms,null Mbps,null kB/s
154.211.8.142,443,0.0.0.0,CN,San Jose,官方,159 ms,null Mbps,null kB/s
154.211.8.216,443,0.0.0.0,CN,San Jose,官方,186 ms,null Mbps,null kB/s
154.211.8.222,443,0.0.0.0,CN,San Jose,官方,163 ms,null Mbps,null kB/s
154.211.8.230,443,0.0.0.0,CN,San Jose,官方,209 ms,null Mbps,null kB/s
154.211.8.212,443,0.0.0.0,CN,San Jose,官方,1185 ms,null Mbps,null kB/s
154.211.8.209,443,0.0.0.0,CN,San Jose,官方,168 ms,null Mbps,null kB/s
154.211.8.246,443,0.0.0.0,CN,San Jose,官方,160 ms,null Mbps,null kB/s
154.211.8.234,443,0.0.0.0,CN,San Jose,官方,147 ms,null Mbps,null kB/s
154.211.8.228,443,0.0.0.0,CN,San Jose,官方,160 ms,null Mbps,null kB/s
154.211.8.241,443,0.0.0.0,CN,San Jose,官方,147 ms,null Mbps,null kB/s
154.211.8.187,443,0.0.0.0,CN,San Jose,官方,148 ms,null Mbps,null kB/s
154.211.8.231,443,0.0.0.0,CN,San Jose,官方,156 ms,null Mbps,null kB/s
154.211.8.233,443,0.0.0.0,CN,San Jose,官方,154 ms,null Mbps,null kB/s
154.211.8.238,443,0.0.0.0,CN,San Jose,官方,145 ms,null Mbps,null kB/s
154.211.8.254,443,0.0.0.0,CN,San Jose,官方,155 ms,null Mbps,null kB/s
27.50.48.10,443,0.0.0.0,CN,San Jose,官方,159 ms,null Mbps,null kB/s
154.211.8.199,443,0.0.0.0,CN,San Jose,官方,160 ms,null Mbps,null kB/s
154.211.8.239,443,0.0.0.0,CN,San Jose,官方,175 ms,null Mbps,null kB/s
154.211.8.215,443,0.0.0.0,CN,San Jose,官方,1164 ms,null Mbps,null kB/s
27.50.48.4,443,0.0.0.0,CN,San Jose,官方,160 ms,null Mbps,null kB/s
154.211.8.229,443,0.0.0.0,CN,San Jose,官方,158 ms,null Mbps,null kB/s
27.50.48.1,443,0.0.0.0,CN,San Jose,官方,169 ms,null Mbps,null kB/s
154.211.8.248,443,0.0.0.0,CN,San Jose,官方,161 ms,null Mbps,null kB/s
154.211.8.243,443,0.0.0.0,CN,San Jose,官方,161 ms,null Mbps,null kB/s
27.50.48.15,443,0.0.0.0,CN,San Jose,官方,148 ms,null Mbps,null kB/s
27.50.48.14,443,0.0.0.0,CN,San Jose,官方,148 ms,null Mbps,null kB/s
154.211.8.252,443,0.0.0.0,CN,San Jose,官方,158 ms,null Mbps,null kB/s
27.50.48.19,443,0.0.0.0,CN,San Jose,官方,145 ms,null Mbps,null kB/s
27.50.48.6,443,0.0.0.0,CN,San Jose,官方,159 ms,null Mbps,null kB/s
154.211.8.156,443,0.0.0.0,CN,San Jose,官方,153 ms,null Mbps,null kB/s
154.211.8.253,443,0.0.0.0,CN,San Jose,官方,161 ms,null Mbps,null kB/s
27.50.48.17,443,0.0.0.0,CN,San Jose,官方,160 ms,null Mbps,null kB/s
27.50.48.11,443,0.0.0.0,CN,San Jose,官方,146 ms,null Mbps,null kB/s
154.211.8.242,443,0.0.0.0,CN,San Jose,官方,153 ms,null Mbps,null kB/s
27.50.48.16,443,0.0.0.0,CN,San Jose,官方,142 ms,null Mbps,null kB/s
27.50.48.8,443,0.0.0.0,CN,San Jose,官方,153 ms,null Mbps,null kB/s
154.211.8.251,443,0.0.0.0,CN,San Jose,官方,161 ms,null Mbps,null kB/s
27.50.48.7,443,0.0.0.0,CN,San Jose,官方,153 ms,null Mbps,null kB/s
154.211.8.247,443,0.0.0.0,CN,San Jose,官方,163 ms,null Mbps,null kB/s
27.50.48.25,443,0.0.0.0,CN,San Jose,官方,157 ms,null Mbps,null kB/s
27.50.48.20,443,0.0.0.0,CN,San Jose,官方,152 ms,null Mbps,null kB/s
154.211.8.227,443,0.0.0.0,CN,San Jose,官方,161 ms,null Mbps,null kB/s
154.211.8.237,443,0.0.0.0,CN,San Jose,官方,177 ms,null Mbps,null kB/s
154.211.8.232,443,0.0.0.0,CN,San Jose,官方,143 ms,null Mbps,null kB/s
27.50.48.21,443,0.0.0.0,CN,San Jose,官方,160 ms,null Mbps,null kB/s
154.211.8.245,443,0.0.0.0,CN,San Jose,官方,159 ms,null Mbps,null kB/s
27.50.48.27,443,0.0.0.0,CN,San Jose,官方,161 ms,null Mbps,null kB/s
27.50.48.23,443,0.0.0.0,CN,San Jose,官方,148 ms,null Mbps,null kB/s
27.50.48.5,443,0.0.0.0,CN,San Jose,官方,1181 ms,null Mbps,null kB/s
27.50.48.0,443,0.0.0.0,CN,San Jose,官方,152 ms,null Mbps,null kB/s
154.211.8.240,443,0.0.0.0,CN,San Jose,官方,157 ms,null Mbps,null kB/s
27.50.48.28,443,0.0.0.0,CN,San Jose,官方,154 ms,null Mbps,null kB/s
154.211.8.250,443,0.0.0.0,CN,San Jose,官方,169 ms,null Mbps,null kB/s
27.50.48.24,443,0.0.0.0,CN,San Jose,官方,152 ms,null Mbps,null kB/s
154.211.8.217,443,0.0.0.0,CN,San Jose,官方,143 ms,null Mbps,null kB/s
27.50.48.12,443,0.0.0.0,CN,San Jose,官方,147 ms,null Mbps,null kB/s
27.50.48.30,443,0.0.0.0,CN,San Jose,官方,156 ms,null Mbps,null kB/s
154.211.8.225,443,0.0.0.0,CN,San Jose,官方,157 ms,null Mbps,null kB/s
27.50.48.18,443,0.0.0.0,CN,San Jose,官方,163 ms,null Mbps,null kB/s
154.211.8.206,443,0.0.0.0,CN,San Jose,官方,149 ms,null Mbps,null kB/s
27.50.48.29,443,0.0.0.0,CN,San Jose,官方,155 ms,null Mbps,null kB/s
27.50.48.3,443,0.0.0.0,CN,San Jose,官方,1190 ms,null Mbps,null kB/s
154.211.8.249,443,0.0.0.0,CN,San Jose,官方,160 ms,null Mbps,null kB/s
27.50.48.31,443,0.0.0.0,CN,San Jose,官方,144 ms,null Mbps,null kB/s
27.50.48.13,443,0.0.0.0,CN,San Jose,官方,1176 ms,null Mbps,null kB/s
27.50.48.47,443,0.0.0.0,CN,San Jose,官方,160 ms,null Mbps,null kB/s
27.50.48.34,443,0.0.0.0,CN,San Jose,官方,147 ms,null Mbps,null kB/s
27.50.48.2,443,0.0.0.0,CN,San Jose,官方,1167 ms,null Mbps,null kB/s
27.50.48.48,443,0.0.0.0,CN,San Jose,官方,156 ms,null Mbps,null kB/s
27.50.48.32,443,0.0.0.0,CN,San Jose,官方,159 ms,null Mbps,null kB/s
27.50.48.35,443,0.0.0.0,CN,San Jose,官方,157 ms,null Mbps,null kB/s
27.50.48.38,443,0.0.0.0,CN,San Jose,官方,158 ms,null Mbps,null kB/s
27.50.48.51,443,0.0.0.0,CN,San Jose,官方,182 ms,null Mbps,null kB/s
27.50.48.46,443,0.0.0.0,CN,San Jose,官方,168 ms,null Mbps,null kB/s
27.50.48.41,443,0.0.0.0,CN,San Jose,官方,182 ms,null Mbps,null kB/s
27.50.48.56,443,0.0.0.0,CN,San Jose,官方,157 ms,null Mbps,null kB/s
27.50.48.43,443,0.0.0.0,CN,San Jose,官方,147 ms,null Mbps,null kB/s
27.50.48.42,443,0.0.0.0,CN,San Jose,官方,160 ms,null Mbps,null kB/s
27.50.48.39,443,0.0.0.0,CN,San Jose,官方,145 ms,null Mbps,null kB/s
27.50.48.44,443,0.0.0.0,CN,San Jose,官方,155 ms,null Mbps,null kB/s
27.50.48.60,443,0.0.0.0,CN,San Jose,官方,154 ms,null Mbps,null kB/s
27.50.48.65,443,0.0.0.0,CN,San Jose,官方,160 ms,null Mbps,null kB/s
27.50.48.61,443,0.0.0.0,CN,San Jose,官方,149 ms,null Mbps,null kB/s
27.50.48.66,443,0.0.0.0,CN,San Jose,官方,146 ms,null Mbps,null kB/s
27.50.48.45,443,0.0.0.0,CN,San Jose,官方,160 ms,null Mbps,null kB/s
27.50.48.57,443,0.0.0.0,CN,San Jose,官方,155 ms,null Mbps,null kB/s
27.50.48.49,443,0.0.0.0,CN,San Jose,官方,176 ms,null Mbps,null kB/s
27.50.48.52,443,0.0.0.0,CN,San Jose,官方,151 ms,null Mbps,null kB/s
27.50.48.53,443,0.0.0.0,CN,San Jose,官方,145 ms,null Mbps,null kB/s
27.50.48.36,443,0.0.0.0,CN,San Jose,官方,163 ms,null Mbps,null kB/s
27.50.48.67,443,0.0.0.0,CN,San Jose,官方,159 ms,null Mbps,null kB/s
27.50.48.50,443,0.0.0.0,CN,San Jose,官方,168 ms,null Mbps,null kB/s
27.50.48.76,443,0.0.0.0,CN,San Jose,官方,160 ms,null Mbps,null kB/s
27.50.48.68,443,0.0.0.0,CN,San Jose,官方,163 ms,null Mbps,null kB/s
27.50.48.55,443,0.0.0.0,CN,San Jose,官方,183 ms,null Mbps,null kB/s
27.50.48.72,443,0.0.0.0,CN,San Jose,官方,157 ms,null Mbps,null kB/s
27.50.48.37,443,0.0.0.0,CN,San Jose,官方,160 ms,null Mbps,null kB/s
27.50.48.74,443,0.0.0.0,CN,San Jose,官方,156 ms,null Mbps,null kB/s
27.50.48.54,443,0.0.0.0,CN,San Jose,官方,145 ms,null Mbps,null kB/s
27.50.48.73,443,0.0.0.0,CN,San Jose,官方,157 ms,null Mbps,null kB/s
27.50.48.59,443,0.0.0.0,CN,San Jose,官方,156 ms,null Mbps,null kB/s
27.50.48.40,443,0.0.0.0,CN,San Jose,官方,155 ms,null Mbps,null kB/s
27.50.48.70,443,0.0.0.0,CN,San Jose,官方,159 ms,null Mbps,null kB/s
27.50.48.82,443,0.0.0.0,CN,San Jose,官方,147 ms,null Mbps,null kB/s
27.50.48.33,443,0.0.0.0,CN,San Jose,官方,177 ms,null Mbps,null kB/s
27.50.48.64,443,0.0.0.0,CN,San Jose,官方,182 ms,null Mbps,null kB/s
27.50.48.80,443,0.0.0.0,CN,San Jose,官方,156 ms,null Mbps,null kB/s
27.50.48.83,443,0.0.0.0,CN,San Jose,官方,161 ms,null Mbps,null kB/s
27.50.48.63,443,0.0.0.0,CN,San Jose,官方,144 ms,null Mbps,null kB/s
27.50.48.75,443,0.0.0.0,CN,San Jose,官方,149 ms,null Mbps,null kB/s
27.50.48.9,443,0.0.0.0,CN,San Jose,官方,171 ms,null Mbps,null kB/s
154.211.8.235,443,0.0.0.0,CN,San Jose,官方,149 ms,null Mbps,null kB/s
27.50.48.84,443,0.0.0.0,CN,San Jose,官方,161 ms,null Mbps,null kB/s
27.50.48.96,443,0.0.0.0,CN,San Jose,官方,158 ms,null Mbps,null kB/s
27.50.48.90,443,0.0.0.0,CN,San Jose,官方,160 ms,null Mbps,null kB/s
27.50.48.85,443,0.0.0.0,CN,San Jose,官方,169 ms,null Mbps,null kB/s
27.50.48.22,443,0.0.0.0,CN,San Jose,官方,158 ms,null Mbps,null kB/s
27.50.48.86,443,0.0.0.0,CN,San Jose,官方,154 ms,null Mbps,null kB/s
27.50.48.91,443,0.0.0.0,CN,San Jose,官方,178 ms,null Mbps,null kB/s
27.50.48.97,443,0.0.0.0,CN,San Jose,官方,146 ms,null Mbps,null kB/s
27.50.48.71,443,0.0.0.0,CN,San Jose,官方,152 ms,null Mbps,null kB/s
27.50.48.95,443,0.0.0.0,CN,San Jose,官方,154 ms,null Mbps,null kB/s
27.50.48.88,443,0.0.0.0,CN,San Jose,官方,159 ms,null Mbps,null kB/s
27.50.48.93,443,0.0.0.0,CN,San Jose,官方,170 ms,null Mbps,null kB/s
27.50.48.92,443,0.0.0.0,CN,San Jose,官方,159 ms,null Mbps,null kB/s
27.50.48.105,443,0.0.0.0,CN,San Jose,官方,165 ms,null Mbps,null kB/s
27.50.48.104,443,0.0.0.0,CN,San Jose,官方,159 ms,null Mbps,null kB/s
27.50.48.99,443,0.0.0.0,CN,San Jose,官方,156 ms,null Mbps,null kB/s
27.50.48.78,443,0.0.0.0,CN,San Jose,官方,159 ms,null Mbps,null kB/s
27.50.48.101,443,0.0.0.0,CN,San Jose,官方,156 ms,null Mbps,null kB/s
27.50.48.89,443,0.0.0.0,CN,San Jose,官方,159 ms,null Mbps,null kB/s
27.50.48.58,443,0.0.0.0,CN,San Jose,官方,158 ms,null Mbps,null kB/s
27.50.48.81,443,0.0.0.0,CN,San Jose,官方,153 ms,null Mbps,null kB/s
27.50.48.114,443,0.0.0.0,CN,San Jose,官方,159 ms,null Mbps,null kB/s
27.50.48.110,443,0.0.0.0,CN,San Jose,官方,162 ms,null Mbps,null kB/s
27.50.48.115,443,0.0.0.0,CN,San Jose,官方,144 ms,null Mbps,null kB/s
27.50.48.107,443,0.0.0.0,CN,San Jose,官方,159 ms,null Mbps,null kB/s
27.50.48.69,443,0.0.0.0,CN,San Jose,官方,154 ms,null Mbps,null kB/s
27.50.48.112,443,0.0.0.0,CN,San Jose,官方,149 ms,null Mbps,null kB/s
27.50.48.98,443,0.0.0.0,CN,San Jose,官方,154 ms,null Mbps,null kB/s
27.50.48.94,443,0.0.0.0,CN,San Jose,官方,159 ms,null Mbps,null kB/s
27.50.48.121,443,0.0.0.0,CN,San Jose,官方,159 ms,null Mbps,null kB/s
27.50.48.119,443,0.0.0.0,CN,San Jose,官方,150 ms,null Mbps,null kB/s
27.50.48.116,443,0.0.0.0,CN,San Jose,官方,159 ms,null Mbps,null kB/s
27.50.48.103,443,0.0.0.0,CN,San Jose,官方,169 ms,null Mbps,null kB/s
27.50.48.118,443,0.0.0.0,CN,San Jose,官方,169 ms,null Mbps,null kB/s
27.50.48.79,443,0.0.0.0,CN,San Jose,官方,168 ms,null Mbps,null kB/s
27.50.48.125,443,0.0.0.0,CN,San Jose,官方,153 ms,null Mbps,null kB/s
27.50.48.100,443,0.0.0.0,CN,San Jose,官方,1177 ms,null Mbps,null kB/s
27.50.48.77,443,0.0.0.0,CN,San Jose,官方,167 ms,null Mbps,null kB/s
27.50.48.117,443,0.0.0.0,CN,San Jose,官方,158 ms,null Mbps,null kB/s
27.50.48.122,443,0.0.0.0,CN,San Jose,官方,170 ms,null Mbps,null kB/s
27.50.48.134,443,0.0.0.0,CN,San Jose,官方,158 ms,null Mbps,null kB/s
27.50.48.124,443,0.0.0.0,CN,San Jose,官方,152 ms,null Mbps,null kB/s
27.50.48.113,443,0.0.0.0,CN,San Jose,官方,149 ms,null Mbps,null kB/s
27.50.48.120,443,0.0.0.0,CN,San Jose,官方,155 ms,null Mbps,null kB/s
27.50.48.132,443,0.0.0.0,CN,San Jose,官方,160 ms,null Mbps,null kB/s
27.50.48.87,443,0.0.0.0,CN,San Jose,官方,159 ms,null Mbps,null kB/s
27.50.48.137,443,0.0.0.0,CN,San Jose,官方,157 ms,null Mbps,null kB/s
27.50.48.102,443,0.0.0.0,CN,San Jose,官方,164 ms,null Mbps,null kB/s
27.50.48.126,443,0.0.0.0,CN,San Jose,官方,159 ms,null Mbps,null kB/s
27.50.48.138,443,0.0.0.0,CN,San Jose,官方,154 ms,null Mbps,null kB/s
27.50.48.141,443,0.0.0.0,CN,San Jose,官方,158 ms,null Mbps,null kB/s
27.50.48.139,443,0.0.0.0,CN,San Jose,官方,148 ms,null Mbps,null kB/s
27.50.48.133,443,0.0.0.0,CN,San Jose,官方,176 ms,null Mbps,null kB/s
27.50.48.136,443,0.0.0.0,CN,San Jose,官方,162 ms,null Mbps,null kB/s
27.50.48.131,443,0.0.0.0,CN,San Jose,官方,162 ms,null Mbps,null kB/s
27.50.48.135,443,0.0.0.0,CN,San Jose,官方,162 ms,null Mbps,null kB/s
27.50.48.128,443,0.0.0.0,CN,San Jose,官方,145 ms,null Mbps,null kB/s
27.50.48.62,443,0.0.0.0,CN,San Jose,官方,157 ms,null Mbps,null kB/s
27.50.48.148,443,0.0.0.0,CN,San Jose,官方,169 ms,null Mbps,null kB/s
27.50.48.130,443,0.0.0.0,CN,San Jose,官方,159 ms,null Mbps,null kB/s
27.50.48.111,443,0.0.0.0,CN,San Jose,官方,1180 ms,null Mbps,null kB/s
27.50.48.150,443,0.0.0.0,CN,San Jose,官方,161 ms,null Mbps,null kB/s
27.50.48.140,443,0.0.0.0,CN,San Jose,官方,162 ms,null Mbps,null kB/s
27.50.48.149,443,0.0.0.0,CN,San Jose,官方,144 ms,null Mbps,null kB/s
27.50.48.155,443,0.0.0.0,CN,San Jose,官方,160 ms,null Mbps,null kB/s
27.50.48.151,443,0.0.0.0,CN,San Jose,官方,148 ms,null Mbps,null kB/s
27.50.48.147,443,0.0.0.0,CN,San Jose,官方,160 ms,null Mbps,null kB/s
27.50.48.145,443,0.0.0.0,CN,San Jose,官方,156 ms,null Mbps,null kB/s
27.50.48.129,443,0.0.0.0,CN,San Jose,官方,1182 ms,null Mbps,null kB/s
27.50.48.153,443,0.0.0.0,CN,San Jose,官方,151 ms,null Mbps,null kB/s
27.50.48.106,443,0.0.0.0,CN,San Jose,官方,1179 ms,null Mbps,null kB/s
27.50.48.26,443,0.0.0.0,CN,San Jose,官方,157 ms,null Mbps,null kB/s
27.50.48.152,443,0.0.0.0,CN,San Jose,官方,161 ms,null Mbps,null kB/s
27.50.48.158,443,0.0.0.0,CN,San Jose,官方,145 ms,null Mbps,null kB/s
27.50.48.156,443,0.0.0.0,CN,San Jose,官方,161 ms,null Mbps,null kB/s
27.50.48.160,443,0.0.0.0,CN,San Jose,官方,160 ms,null Mbps,null kB/s
27.50.48.142,443,0.0.0.0,CN,San Jose,官方,1177 ms,null Mbps,null kB/s
27.50.48.165,443,0.0.0.0,CN,San Jose,官方,153 ms,null Mbps,null kB/s
27.50.48.181,443,0.0.0.0,CN,San Jose,官方,158 ms,null Mbps,null kB/s
27.50.48.167,443,0.0.0.0,CN,San Jose,官方,148 ms,null Mbps,null kB/s
27.50.48.154,443,0.0.0.0,CN,San Jose,官方,158 ms,null Mbps,null kB/s
27.50.48.178,443,0.0.0.0,CN,San Jose,官方,172 ms,null Mbps,null kB/s
27.50.48.187,443,0.0.0.0,CN,San Jose,官方,155 ms,null Mbps,null kB/s
27.50.48.173,443,0.0.0.0,CN,San Jose,官方,146 ms,null Mbps,null kB/s
27.50.48.159,443,0.0.0.0,CN,San Jose,官方,161 ms,null Mbps,null kB/s
27.50.48.146,443,0.0.0.0,CN,San Jose,官方,146 ms,null Mbps,null kB/s
27.50.48.168,443,0.0.0.0,CN,San Jose,官方,162 ms,null Mbps,null kB/s
27.50.48.163,443,0.0.0.0,CN,San Jose,官方,174 ms,null Mbps,null kB/s
27.50.48.169,443,0.0.0.0,CN,San Jose,官方,153 ms,null Mbps,null kB/s
27.50.48.157,443,0.0.0.0,CN,San Jose,官方,153 ms,null Mbps,null kB/s
27.50.48.185,443,0.0.0.0,CN,San Jose,官方,153 ms,null Mbps,null kB/s
27.50.48.188,443,0.0.0.0,CN,San Jose,官方,157 ms,null Mbps,null kB/s
27.50.48.184,443,0.0.0.0,CN,San Jose,官方,158 ms,null Mbps,null kB/s
27.50.48.166,443,0.0.0.0,CN,San Jose,官方,222 ms,null Mbps,null kB/s
27.50.48.164,443,0.0.0.0,CN,San Jose,官方,160 ms,null Mbps,null kB/s
27.50.48.186,443,0.0.0.0,CN,San Jose,官方,152 ms,null Mbps,null kB/s
27.50.48.189,443,0.0.0.0,CN,San Jose,官方,167 ms,null Mbps,null kB/s
27.50.48.109,443,0.0.0.0,CN,San Jose,官方,161 ms,null Mbps,null kB/s
27.50.48.171,443,0.0.0.0,CN,San Jose,官方,156 ms,null Mbps,null kB/s
27.50.48.180,443,0.0.0.0,CN,San Jose,官方,153 ms,null Mbps,null kB/s
27.50.48.176,443,0.0.0.0,CN,San Jose,官方,160 ms,null Mbps,null kB/s
27.50.48.191,443,0.0.0.0,CN,San Jose,官方,144 ms,null Mbps,null kB/s
27.50.48.183,443,0.0.0.0,CN,San Jose,官方,160 ms,null Mbps,null kB/s
27.50.48.172,443,0.0.0.0,CN,San Jose,官方,151 ms,null Mbps,null kB/s
27.50.48.177,443,0.0.0.0,CN,San Jose,官方,147 ms,null Mbps,null kB/s
27.50.48.161,443,0.0.0.0,CN,San Jose,官方,144 ms,null Mbps,null kB/s
27.50.48.162,443,0.0.0.0,CN,San Jose,官方,1170 ms,null Mbps,null kB/s
27.50.48.192,443,0.0.0.0,CN,San Jose,官方,158 ms,null Mbps,null kB/s
27.50.48.193,443,0.0.0.0,CN,San Jose,官方,145 ms,null Mbps,null kB/s
27.50.48.182,443,0.0.0.0,CN,San Jose,官方,163 ms,null Mbps,null kB/s
27.50.48.195,443,0.0.0.0,CN,San Jose,官方,152 ms,null Mbps,null kB/s
27.50.48.194,443,0.0.0.0,CN,San Jose,官方,154 ms,null Mbps,null kB/s
27.50.48.197,443,0.0.0.0,CN,San Jose,官方,152 ms,null Mbps,null kB/s
27.50.48.205,443,0.0.0.0,CN,San Jose,官方,161 ms,null Mbps,null kB/s
27.50.48.214,443,0.0.0.0,CN,San Jose,官方,162 ms,null Mbps,null kB/s
27.50.48.123,443,0.0.0.0,CN,San Jose,官方,150 ms,null Mbps,null kB/s
27.50.48.179,443,0.0.0.0,CN,San Jose,官方,148 ms,null Mbps,null kB/s
27.50.48.198,443,0.0.0.0,CN,San Jose,官方,160 ms,null Mbps,null kB/s
27.50.48.211,443,0.0.0.0,CN,San Jose,官方,157 ms,null Mbps,null kB/s
27.50.48.170,443,0.0.0.0,CN,San Jose,官方,152 ms,null Mbps,null kB/s
27.50.48.221,443,0.0.0.0,CN,San Jose,官方,146 ms,null Mbps,null kB/s
27.50.48.224,443,0.0.0.0,CN,San Jose,官方,144 ms,null Mbps,null kB/s
27.50.48.204,443,0.0.0.0,CN,San Jose,官方,159 ms,null Mbps,null kB/s
27.50.48.143,443,0.0.0.0,CN,San Jose,官方,145 ms,null Mbps,null kB/s
27.50.48.200,443,0.0.0.0,CN,San Jose,官方,152 ms,null Mbps,null kB/s
27.50.48.213,443,0.0.0.0,CN,San Jose,官方,157 ms,null Mbps,null kB/s
27.50.48.210,443,0.0.0.0,CN,San Jose,官方,182 ms,null Mbps,null kB/s
27.50.48.217,443,0.0.0.0,CN,San Jose,官方,157 ms,null Mbps,null kB/s
27.50.48.196,443,0.0.0.0,CN,San Jose,官方,146 ms,null Mbps,null kB/s
27.50.48.208,443,0.0.0.0,CN,San Jose,官方,167 ms,null Mbps,null kB/s
27.50.48.203,443,0.0.0.0,CN,San Jose,官方,147 ms,null Mbps,null kB/s
27.50.48.216,443,0.0.0.0,CN,San Jose,官方,150 ms,null Mbps,null kB/s
27.50.48.174,443,0.0.0.0,CN,San Jose,官方,160 ms,null Mbps,null kB/s
27.50.48.207,443,0.0.0.0,CN,San Jose,官方,150 ms,null Mbps,null kB/s
27.50.48.209,443,0.0.0.0,CN,San Jose,官方,161 ms,null Mbps,null kB/s
27.50.48.220,443,0.0.0.0,CN,San Jose,官方,183 ms,null Mbps,null kB/s
27.50.48.219,443,0.0.0.0,CN,San Jose,官方,159 ms,null Mbps,null kB/s
27.50.48.231,443,0.0.0.0,CN,San Jose,官方,159 ms,null Mbps,null kB/s
27.50.48.218,443,0.0.0.0,CN,San Jose,官方,160 ms,null Mbps,null kB/s
27.50.48.232,443,0.0.0.0,CN,San Jose,官方,165 ms,null Mbps,null kB/s
27.50.48.222,443,0.0.0.0,CN,San Jose,官方,169 ms,null Mbps,null kB/s
27.50.48.238,443,0.0.0.0,CN,San Jose,官方,167 ms,null Mbps,null kB/s
27.50.48.240,443,0.0.0.0,CN,San Jose,官方,161 ms,null Mbps,null kB/s
27.50.48.190,443,0.0.0.0,CN,San Jose,官方,1149 ms,null Mbps,null kB/s
27.50.48.241,443,0.0.0.0,CN,San Jose,官方,167 ms,null Mbps,null kB/s
27.50.48.206,443,0.0.0.0,CN,San Jose,官方,147 ms,null Mbps,null kB/s
27.50.48.228,443,0.0.0.0,CN,San Jose,官方,160 ms,null Mbps,null kB/s
27.50.48.233,443,0.0.0.0,CN,San Jose,官方,152 ms,null Mbps,null kB/s
27.50.48.201,443,0.0.0.0,CN,San Jose,官方,168 ms,null Mbps,null kB/s
27.50.48.234,443,0.0.0.0,CN,San Jose,官方,146 ms,null Mbps,null kB/s
27.50.48.230,443,0.0.0.0,CN,San Jose,官方,159 ms,null Mbps,null kB/s
27.50.48.202,443,0.0.0.0,CN,San Jose,官方,157 ms,null Mbps,null kB/s
27.50.48.244,443,0.0.0.0,CN,San Jose,官方,158 ms,null Mbps,null kB/s
27.50.48.247,443,0.0.0.0,CN,San Jose,官方,149 ms,null Mbps,null kB/s
27.50.48.226,443,0.0.0.0,CN,San Jose,官方,164 ms,null Mbps,null kB/s
27.50.48.175,443,0.0.0.0,CN,San Jose,官方,159 ms,null Mbps,null kB/s
27.50.48.250,443,0.0.0.0,CN,San Jose,官方,159 ms,null Mbps,null kB/s
27.50.48.199,443,0.0.0.0,CN,San Jose,官方,160 ms,null Mbps,null kB/s
27.50.48.251,443,0.0.0.0,CN,San Jose,官方,181 ms,null Mbps,null kB/s
27.50.48.225,443,0.0.0.0,CN,San Jose,官方,160 ms,null Mbps,null kB/s
27.50.49.6,443,0.0.0.0,CN,San Jose,官方,183 ms,null Mbps,null kB/s
27.50.49.4,443,0.0.0.0,CN,San Jose,官方,159 ms,null Mbps,null kB/s
27.50.48.243,443,0.0.0.0,CN,San Jose,官方,162 ms,null Mbps,null kB/s
27.50.48.248,443,0.0.0.0,CN,San Jose,官方,160 ms,null Mbps,null kB/s
27.50.48.249,443,0.0.0.0,CN,San Jose,官方,157 ms,null Mbps,null kB/s
27.50.49.3,443,0.0.0.0,CN,San Jose,官方,144 ms,null Mbps,null kB/s
27.50.48.246,443,0.0.0.0,CN,San Jose,官方,153 ms,null Mbps,null kB/s
27.50.48.227,443,0.0.0.0,CN,San Jose,官方,151 ms,null Mbps,null kB/s
27.50.48.235,443,0.0.0.0,CN,San Jose,官方,145 ms,null Mbps,null kB/s
27.50.49.20,443,0.0.0.0,CN,San Jose,官方,149 ms,null Mbps,null kB/s
27.50.49.8,443,0.0.0.0,CN,San Jose,官方,146 ms,null Mbps,null kB/s
27.50.48.127,443,0.0.0.0,CN,San Jose,官方,0 ms,null Mbps,null kB/s
27.50.48.242,443,0.0.0.0,CN,San Jose,官方,152 ms,null Mbps,null kB/s
27.50.48.254,443,0.0.0.0,CN,San Jose,官方,163 ms,null Mbps,null kB/s
27.50.49.2,443,0.0.0.0,CN,San Jose,官方,145 ms,null Mbps,null kB/s
27.50.48.215,443,0.0.0.0,CN,San Jose,官方,182 ms,null Mbps,null kB/s
27.50.49.5,443,0.0.0.0,CN,San Jose,官方,145 ms,null Mbps,null kB/s
27.50.48.236,443,0.0.0.0,CN,San Jose,官方,164 ms,null Mbps,null kB/s
27.50.49.23,443,0.0.0.0,CN,San Jose,官方,168 ms,null Mbps,null kB/s
27.50.49.17,443,0.0.0.0,CN,San Jose,官方,147 ms,null Mbps,null kB/s
27.50.49.9,443,0.0.0.0,CN,San Jose,官方,155 ms,null Mbps,null kB/s
27.50.48.252,443,0.0.0.0,CN,San Jose,官方,169 ms,null Mbps,null kB/s
27.50.48.144,443,0.0.0.0,CN,San Jose,官方,1166 ms,null Mbps,null kB/s
27.50.49.21,443,0.0.0.0,CN,San Jose,官方,159 ms,null Mbps,null kB/s
27.50.49.14,443,0.0.0.0,CN,San Jose,官方,172 ms,null Mbps,null kB/s
27.50.49.10,443,0.0.0.0,CN,San Jose,官方,154 ms,null Mbps,null kB/s
27.50.49.19,443,0.0.0.0,CN,San Jose,官方,157 ms,null Mbps,null kB/s
27.50.49.7,443,0.0.0.0,CN,San Jose,官方,178 ms,null Mbps,null kB/s
27.50.49.16,443,0.0.0.0,CN,San Jose,官方,153 ms,null Mbps,null kB/s
27.50.49.26,443,0.0.0.0,CN,San Jose,官方,158 ms,null Mbps,null kB/s
27.50.49.11,443,0.0.0.0,CN,San Jose,官方,1157 ms,null Mbps,null kB/s
27.50.49.25,443,0.0.0.0,CN,San Jose,官方,158 ms,null Mbps,null kB/s
27.50.49.18,443,0.0.0.0,CN,San Jose,官方,171 ms,null Mbps,null kB/s
27.50.48.212,443,0.0.0.0,CN,San Jose,官方,160 ms,null Mbps,null kB/s
27.50.49.12,443,0.0.0.0,CN,San Jose,官方,160 ms,null Mbps,null kB/s
27.50.49.31,443,0.0.0.0,CN,San Jose,官方,157 ms,null Mbps,null kB/s
27.50.49.36,443,0.0.0.0,CN,San Jose,官方,158 ms,null Mbps,null kB/s
27.50.49.24,443,0.0.0.0,CN,San Jose,官方,162 ms,null Mbps,null kB/s
27.50.49.22,443,0.0.0.0,CN,San Jose,官方,160 ms,null Mbps,null kB/s
27.50.48.237,443,0.0.0.0,CN,San Jose,官方,1170 ms,null Mbps,null kB/s
27.50.49.41,443,0.0.0.0,CN,San Jose,官方,149 ms,null Mbps,null kB/s
27.50.49.35,443,0.0.0.0,CN,San Jose,官方,148 ms,null Mbps,null kB/s
27.50.49.27,443,0.0.0.0,CN,San Jose,官方,158 ms,null Mbps,null kB/s
27.50.49.0,443,0.0.0.0,CN,San Jose,官方,1188 ms,null Mbps,null kB/s
27.50.49.39,443,0.0.0.0,CN,San Jose,官方,144 ms,null Mbps,null kB/s
27.50.49.30,443,0.0.0.0,CN,San Jose,官方,144 ms,null Mbps,null kB/s
27.50.49.29,443,0.0.0.0,CN,San Jose,官方,147 ms,null Mbps,null kB/s
27.50.49.13,443,0.0.0.0,CN,San Jose,官方,167 ms,null Mbps,null kB/s
27.50.49.34,443,0.0.0.0,CN,San Jose,官方,157 ms,null Mbps,null kB/s
27.50.49.37,443,0.0.0.0,CN,San Jose,官方,154 ms,null Mbps,null kB/s
27.50.49.51,443,0.0.0.0,CN,San Jose,官方,159 ms,null Mbps,null kB/s
27.50.49.42,443,0.0.0.0,CN,San Jose,官方,163 ms,null Mbps,null kB/s
27.50.48.239,443,0.0.0.0,CN,San Jose,官方,151 ms,null Mbps,null kB/s
27.50.48.253,443,0.0.0.0,CN,San Jose,官方,175 ms,null Mbps,null kB/s
27.50.49.43,443,0.0.0.0,CN,San Jose,官方,149 ms,null Mbps,null kB/s
27.50.48.229,443,0.0.0.0,CN,San Jose,官方,158 ms,null Mbps,null kB/s
27.50.49.40,443,0.0.0.0,CN,San Jose,官方,155 ms,null Mbps,null kB/s
27.50.49.53,443,0.0.0.0,CN,San Jose,官方,152 ms,null Mbps,null kB/s
27.50.49.57,443,0.0.0.0,CN,San Jose,官方,151 ms,null Mbps,null kB/s
27.50.49.46,443,0.0.0.0,CN,San Jose,官方,161 ms,null Mbps,null kB/s
27.50.49.1,443,0.0.0.0,CN,San Jose,官方,1172 ms,null Mbps,null kB/s
27.50.49.45,443,0.0.0.0,CN,San Jose,官方,144 ms,null Mbps,null kB/s
27.50.49.65,443,0.0.0.0,CN,San Jose,官方,148 ms,null Mbps,null kB/s
27.50.49.64,443,0.0.0.0,CN,San Jose,官方,155 ms,null Mbps,null kB/s
27.50.49.50,443,0.0.0.0,CN,San Jose,官方,154 ms,null Mbps,null kB/s
27.50.49.38,443,0.0.0.0,CN,San Jose,官方,144 ms,null Mbps,null kB/s
27.50.49.55,443,0.0.0.0,CN,San Jose,官方,145 ms,null Mbps,null kB/s
27.50.49.32,443,0.0.0.0,CN,San Jose,官方,157 ms,null Mbps,null kB/s
27.50.49.73,443,0.0.0.0,CN,San Jose,官方,157 ms,null Mbps,null kB/s
27.50.49.60,443,0.0.0.0,CN,San Jose,官方,169 ms,null Mbps,null kB/s
27.50.49.69,443,0.0.0.0,CN,San Jose,官方,162 ms,null Mbps,null kB/s
27.50.49.72,443,0.0.0.0,CN,San Jose,官方,159 ms,null Mbps,null kB/s
27.50.49.56,443,0.0.0.0,CN,San Jose,官方,161 ms,null Mbps,null kB/s
27.50.49.66,443,0.0.0.0,CN,San Jose,官方,161 ms,null Mbps,null kB/s
27.50.49.28,443,0.0.0.0,CN,San Jose,官方,161 ms,null Mbps,null kB/s
27.50.49.48,443,0.0.0.0,CN,San Jose,官方,167 ms,null Mbps,null kB/s
27.50.49.49,443,0.0.0.0,CN,San Jose,官方,154 ms,null Mbps,null kB/s
27.50.49.44,443,0.0.0.0,CN,San Jose,官方,145 ms,null Mbps,null kB/s
27.50.49.67,443,0.0.0.0,CN,San Jose,官方,147 ms,null Mbps,null kB/s
27.50.49.76,443,0.0.0.0,CN,San Jose,官方,146 ms,null Mbps,null kB/s
27.50.49.77,443,0.0.0.0,CN,San Jose,官方,144 ms,null Mbps,null kB/s
27.50.49.74,443,0.0.0.0,CN,San Jose,官方,154 ms,null Mbps,null kB/s
27.50.49.58,443,0.0.0.0,CN,San Jose,官方,156 ms,null Mbps,null kB/s
27.50.48.245,443,0.0.0.0,CN,San Jose,官方,169 ms,null Mbps,null kB/s
27.50.49.59,443,0.0.0.0,CN,San Jose,官方,147 ms,null Mbps,null kB/s
27.50.49.63,443,0.0.0.0,CN,San Jose,官方,163 ms,null Mbps,null kB/s
27.50.48.223,443,0.0.0.0,CN,San Jose,官方,159 ms,null Mbps,null kB/s
27.50.49.79,443,0.0.0.0,CN,San Jose,官方,155 ms,null Mbps,null kB/s
27.50.49.81,443,0.0.0.0,CN,San Jose,官方,158 ms,null Mbps,null kB/s
27.50.49.54,443,0.0.0.0,CN,San Jose,官方,163 ms,null Mbps,null kB/s
27.50.49.88,443,0.0.0.0,CN,San Jose,官方,153 ms,null Mbps,null kB/s
27.50.49.61,443,0.0.0.0,CN,San Jose,官方,145 ms,null Mbps,null kB/s
27.50.49.47,443,0.0.0.0,CN,San Jose,官方,180 ms,null Mbps,null kB/s
27.50.49.33,443,0.0.0.0,CN,San Jose,官方,153 ms,null Mbps,null kB/s
27.50.49.15,443,0.0.0.0,CN,San Jose,官方,154 ms,null Mbps,null kB/s
27.50.49.78,443,0.0.0.0,CN,San Jose,官方,181 ms,null Mbps,null kB/s
27.50.49.82,443,0.0.0.0,CN,San Jose,官方,157 ms,null Mbps,null kB/s
27.50.49.90,443,0.0.0.0,CN,San Jose,官方,160 ms,null Mbps,null kB/s
27.50.49.80,443,0.0.0.0,CN,San Jose,官方,168 ms,null Mbps,null kB/s
27.50.49.92,443,0.0.0.0,CN,San Jose,官方,157 ms,null Mbps,null kB/s
27.50.49.62,443,0.0.0.0,CN,San Jose,官方,158 ms,null Mbps,null kB/s
27.50.49.87,443,0.0.0.0,CN,San Jose,官方,149 ms,null Mbps,null kB/s
27.50.49.99,443,0.0.0.0,CN,San Jose,官方,145 ms,null Mbps,null kB/s
27.50.49.96,443,0.0.0.0,CN,San Jose,官方,163 ms,null Mbps,null kB/s
27.50.49.70,443,0.0.0.0,CN,San Jose,官方,160 ms,null Mbps,null kB/s
27.50.49.103,443,0.0.0.0,CN,San Jose,官方,143 ms,null Mbps,null kB/s
27.50.49.75,443,0.0.0.0,CN,San Jose,官方,181 ms,null Mbps,null kB/s
27.50.49.97,443,0.0.0.0,CN,San Jose,官方,151 ms,null Mbps,null kB/s
27.50.49.85,443,0.0.0.0,CN,San Jose,官方,142 ms,null Mbps,null kB/s
27.50.49.84,443,0.0.0.0,CN,San Jose,官方,155 ms,null Mbps,null kB/s
27.50.49.83,443,0.0.0.0,CN,San Jose,官方,156 ms,null Mbps,null kB/s
27.50.49.86,443,0.0.0.0,CN,San Jose,官方,170 ms,null Mbps,null kB/s
27.50.49.94,443,0.0.0.0,CN,San Jose,官方,155 ms,null Mbps,null kB/s
27.50.49.95,443,0.0.0.0,CN,San Jose,官方,160 ms,null Mbps,null kB/s
27.50.49.91,443,0.0.0.0,CN,San Jose,官方,164 ms,null Mbps,null kB/s
27.50.49.107,443,0.0.0.0,CN,San Jose,官方,145 ms,null Mbps,null kB/s
27.50.49.106,443,0.0.0.0,CN,San Jose,官方,148 ms,null Mbps,null kB/s
27.50.49.111,443,0.0.0.0,CN,San Jose,官方,143 ms,null Mbps,null kB/s
27.50.49.68,443,0.0.0.0,CN,San Jose,官方,160 ms,null Mbps,null kB/s
27.50.49.104,443,0.0.0.0,CN,San Jose,官方,142 ms,null Mbps,null kB/s
27.50.49.120,443,0.0.0.0,CN,San Jose,官方,159 ms,null Mbps,null kB/s
27.50.49.98,443,0.0.0.0,CN,San Jose,官方,147 ms,null Mbps,null kB/s
27.50.49.93,443,0.0.0.0,CN,San Jose,官方,158 ms,null Mbps,null kB/s
27.50.49.110,443,0.0.0.0,CN,San Jose,官方,158 ms,null Mbps,null kB/s
27.50.49.101,443,0.0.0.0,CN,San Jose,官方,183 ms,null Mbps,null kB/s
27.50.49.124,443,0.0.0.0,CN,San Jose,官方,167 ms,null Mbps,null kB/s
27.50.49.105,443,0.0.0.0,CN,San Jose,官方,169 ms,null Mbps,null kB/s
27.50.49.112,443,0.0.0.0,CN,San Jose,官方,168 ms,null Mbps,null kB/s
27.50.49.119,443,0.0.0.0,CN,San Jose,官方,152 ms,null Mbps,null kB/s
27.50.49.113,443,0.0.0.0,CN,San Jose,官方,164 ms,null Mbps,null kB/s
27.50.49.108,443,0.0.0.0,CN,San Jose,官方,172 ms,null Mbps,null kB/s
27.50.49.89,443,0.0.0.0,CN,San Jose,官方,151 ms,null Mbps,null kB/s
27.50.49.118,443,0.0.0.0,CN,San Jose,官方,182 ms,null Mbps,null kB/s
27.50.49.123,443,0.0.0.0,CN,San Jose,官方,147 ms,null Mbps,null kB/s
27.50.49.116,443,0.0.0.0,CN,San Jose,官方,160 ms,null Mbps,null kB/s
27.50.49.109,443,0.0.0.0,CN,San Jose,官方,168 ms,null Mbps,null kB/s
27.50.49.114,443,0.0.0.0,CN,San Jose,官方,163 ms,null Mbps,null kB/s
27.50.49.127,443,0.0.0.0,CN,San Jose,官方,161 ms,null Mbps,null kB/s
27.50.49.115,443,0.0.0.0,CN,San Jose,官方,153 ms,null Mbps,null kB/s
27.50.49.52,443,0.0.0.0,CN,San Jose,官方,159 ms,null Mbps,null kB/s
27.50.49.143,443,0.0.0.0,CN,San Jose,官方,162 ms,null Mbps,null kB/s
27.50.49.135,443,0.0.0.0,CN,San Jose,官方,167 ms,null Mbps,null kB/s
27.50.49.138,443,0.0.0.0,CN,San Jose,官方,150 ms,null Mbps,null kB/s
27.50.49.134,443,0.0.0.0,CN,San Jose,官方,163 ms,null Mbps,null kB/s
27.50.49.122,443,0.0.0.0,CN,San Jose,官方,167 ms,null Mbps,null kB/s
27.50.49.129,443,0.0.0.0,CN,San Jose,官方,160 ms,null Mbps,null kB/s
27.50.49.126,443,0.0.0.0,CN,San Jose,官方,156 ms,null Mbps,null kB/s
27.50.49.144,443,0.0.0.0,CN,San Jose,官方,151 ms,null Mbps,null kB/s
27.50.49.141,443,0.0.0.0,CN,San Jose,官方,157 ms,null Mbps,null kB/s
27.50.49.100,443,0.0.0.0,CN,San Jose,官方,160 ms,null Mbps,null kB/s
27.50.49.154,443,0.0.0.0,CN,San Jose,官方,153 ms,null Mbps,null kB/s
27.50.49.71,443,0.0.0.0,CN,San Jose,官方,147 ms,null Mbps,null kB/s
27.50.49.125,443,0.0.0.0,CN,San Jose,官方,1188 ms,null Mbps,null kB/s
27.50.49.140,443,0.0.0.0,CN,San Jose,官方,145 ms,null Mbps,null kB/s
27.50.49.152,443,0.0.0.0,CN,San Jose,官方,159 ms,null Mbps,null kB/s
27.50.49.151,443,0.0.0.0,CN,San Jose,官方,143 ms,null Mbps,null kB/s
27.50.49.132,443,0.0.0.0,CN,San Jose,官方,149 ms,null Mbps,null kB/s
27.50.49.128,443,0.0.0.0,CN,San Jose,官方,142 ms,null Mbps,null kB/s
27.50.49.150,443,0.0.0.0,CN,San Jose,官方,155 ms,null Mbps,null kB/s
27.50.49.160,443,0.0.0.0,CN,San Jose,官方,158 ms,null Mbps,null kB/s
27.50.49.148,443,0.0.0.0,CN,San Jose,官方,143 ms,null Mbps,null kB/s
27.50.49.121,443,0.0.0.0,CN,San Jose,官方,159 ms,null Mbps,null kB/s
27.50.49.155,443,0.0.0.0,CN,San Jose,官方,167 ms,null Mbps,null kB/s
27.50.49.142,443,0.0.0.0,CN,San Jose,官方,146 ms,null Mbps,null kB/s
27.50.49.117,443,0.0.0.0,CN,San Jose,官方,146 ms,null Mbps,null kB/s
27.50.49.163,443,0.0.0.0,CN,San Jose,官方,169 ms,null Mbps,null kB/s
27.50.49.133,443,0.0.0.0,CN,San Jose,官方,161 ms,null Mbps,null kB/s
27.50.49.136,443,0.0.0.0,CN,San Jose,官方,144 ms,null Mbps,null kB/s
27.50.49.149,443,0.0.0.0,CN,San Jose,官方,145 ms,null Mbps,null kB/s
27.50.49.137,443,0.0.0.0,CN,San Jose,官方,142 ms,null Mbps,null kB/s
27.50.49.165,443,0.0.0.0,CN,San Jose,官方,149 ms,null Mbps,null kB/s
27.50.49.130,443,0.0.0.0,CN,San Jose,官方,1173 ms,null Mbps,null kB/s
27.50.49.139,443,0.0.0.0,CN,San Jose,官方,145 ms,null Mbps,null kB/s
27.50.49.147,443,0.0.0.0,CN,San Jose,官方,174 ms,null Mbps,null kB/s
27.50.49.162,443,0.0.0.0,CN,San Jose,官方,146 ms,null Mbps,null kB/s
27.50.49.174,443,0.0.0.0,CN,San Jose,官方,144 ms,null Mbps,null kB/s
27.50.49.168,443,0.0.0.0,CN,San Jose,官方,170 ms,null Mbps,null kB/s
27.50.49.156,443,0.0.0.0,CN,San Jose,官方,160 ms,null Mbps,null kB/s
27.50.49.169,443,0.0.0.0,CN,San Jose,官方,151 ms,null Mbps,null kB/s
27.50.49.153,443,0.0.0.0,CN,San Jose,官方,153 ms,null Mbps,null kB/s
27.50.49.185,443,0.0.0.0,CN,San Jose,官方,156 ms,null Mbps,null kB/s
27.50.49.161,443,0.0.0.0,CN,San Jose,官方,155 ms,null Mbps,null kB/s
27.50.49.166,443,0.0.0.0,CN,San Jose,官方,150 ms,null Mbps,null kB/s
27.50.49.164,443,0.0.0.0,CN,San Jose,官方,162 ms,null Mbps,null kB/s
27.50.49.172,443,0.0.0.0,CN,San Jose,官方,153 ms,null Mbps,null kB/s
27.50.49.178,443,0.0.0.0,CN,San Jose,官方,162 ms,null Mbps,null kB/s
27.50.49.179,443,0.0.0.0,CN,San Jose,官方,157 ms,null Mbps,null kB/s
27.50.49.131,443,0.0.0.0,CN,San Jose,官方,162 ms,null Mbps,null kB/s
27.50.49.183,443,0.0.0.0,CN,San Jose,官方,158 ms,null Mbps,null kB/s
27.50.49.189,443,0.0.0.0,CN,San Jose,官方,161 ms,null Mbps,null kB/s
27.50.49.192,443,0.0.0.0,CN,San Jose,官方,157 ms,null Mbps,null kB/s
27.50.49.200,443,0.0.0.0,CN,San Jose,官方,160 ms,null Mbps,null kB/s
27.50.49.197,443,0.0.0.0,CN,San Jose,官方,154 ms,null Mbps,null kB/s
27.50.49.157,443,0.0.0.0,CN,San Jose,官方,184 ms,null Mbps,null kB/s
27.50.49.201,443,0.0.0.0,CN,San Jose,官方,158 ms,null Mbps,null kB/s
27.50.49.184,443,0.0.0.0,CN,San Jose,官方,157 ms,null Mbps,null kB/s
27.50.49.187,443,0.0.0.0,CN,San Jose,官方,148 ms,null Mbps,null kB/s
27.50.49.210,443,0.0.0.0,CN,San Jose,官方,147 ms,null Mbps,null kB/s
27.50.49.176,443,0.0.0.0,CN,San Jose,官方,157 ms,null Mbps,null kB/s
27.50.49.195,443,0.0.0.0,CN,San Jose,官方,163 ms,null Mbps,null kB/s
27.50.49.171,443,0.0.0.0,CN,San Jose,官方,159 ms,null Mbps,null kB/s
27.50.49.190,443,0.0.0.0,CN,San Jose,官方,152 ms,null Mbps,null kB/s
27.50.49.208,443,0.0.0.0,CN,San Jose,官方,160 ms,null Mbps,null kB/s
27.50.49.205,443,0.0.0.0,CN,San Jose,官方,170 ms,null Mbps,null kB/s
27.50.49.193,443,0.0.0.0,CN,San Jose,官方,150 ms,null Mbps,null kB/s
27.50.49.188,443,0.0.0.0,CN,San Jose,官方,157 ms,null Mbps,null kB/s
27.50.49.209,443,0.0.0.0,CN,San Jose,官方,159 ms,null Mbps,null kB/s
27.50.49.216,443,0.0.0.0,CN,San Jose,官方,168 ms,null Mbps,null kB/s
27.50.49.170,443,0.0.0.0,CN,San Jose,官方,170 ms,null Mbps,null kB/s
27.50.49.211,443,0.0.0.0,CN,San Jose,官方,161 ms,null Mbps,null kB/s
27.50.49.186,443,0.0.0.0,CN,San Jose,官方,1182 ms,null Mbps,null kB/s
27.50.49.180,443,0.0.0.0,CN,San Jose,官方,183 ms,null Mbps,null kB/s
27.50.49.181,443,0.0.0.0,CN,San Jose,官方,1182 ms,null Mbps,null kB/s
27.50.49.177,443,0.0.0.0,CN,San Jose,官方,161 ms,null Mbps,null kB/s
27.50.49.204,443,0.0.0.0,CN,San Jose,官方,163 ms,null Mbps,null kB/s
27.50.49.199,443,0.0.0.0,CN,San Jose,官方,151 ms,null Mbps,null kB/s
27.50.49.212,443,0.0.0.0,CN,San Jose,官方,159 ms,null Mbps,null kB/s
27.50.49.217,443,0.0.0.0,CN,San Jose,官方,156 ms,null Mbps,null kB/s
27.50.49.194,443,0.0.0.0,CN,San Jose,官方,161 ms,null Mbps,null kB/s
27.50.49.198,443,0.0.0.0,CN,San Jose,官方,159 ms,null Mbps,null kB/s
27.50.49.167,443,0.0.0.0,CN,San Jose,官方,160 ms,null Mbps,null kB/s
27.50.49.146,443,0.0.0.0,CN,San Jose,官方,144 ms,null Mbps,null kB/s
27.50.49.159,443,0.0.0.0,CN,San Jose,官方,154 ms,null Mbps,null kB/s
27.50.49.219,443,0.0.0.0,CN,San Jose,官方,154 ms,null Mbps,null kB/s
27.50.49.145,443,0.0.0.0,CN,San Jose,官方,143 ms,null Mbps,null kB/s
27.50.49.214,443,0.0.0.0,CN,San Jose,官方,144 ms,null Mbps,null kB/s
27.50.49.224,443,0.0.0.0,CN,San Jose,官方,162 ms,null Mbps,null kB/s
27.50.49.203,443,0.0.0.0,CN,San Jose,官方,185 ms,null Mbps,null kB/s
27.50.49.232,443,0.0.0.0,CN,San Jose,官方,157 ms,null Mbps,null kB/s
27.50.49.221,443,0.0.0.0,CN,San Jose,官方,161 ms,null Mbps,null kB/s
27.50.49.229,443,0.0.0.0,CN,San Jose,官方,152 ms,null Mbps,null kB/s
27.50.49.223,443,0.0.0.0,CN,San Jose,官方,160 ms,null Mbps,null kB/s
27.50.49.218,443,0.0.0.0,CN,San Jose,官方,147 ms,null Mbps,null kB/s
27.50.49.236,443,0.0.0.0,CN,San Jose,官方,144 ms,null Mbps,null kB/s
27.50.49.207,443,0.0.0.0,CN,San Jose,官方,1193 ms,null Mbps,null kB/s
27.50.49.235,443,0.0.0.0,CN,San Jose,官方,162 ms,null Mbps,null kB/s
27.50.49.175,443,0.0.0.0,CN,San Jose,官方,1161 ms,null Mbps,null kB/s
27.50.49.242,443,0.0.0.0,CN,San Jose,官方,159 ms,null Mbps,null kB/s
27.50.49.227,443,0.0.0.0,CN,San Jose,官方,161 ms,null Mbps,null kB/s
27.50.49.158,443,0.0.0.0,CN,San Jose,官方,166 ms,null Mbps,null kB/s
27.50.49.243,443,0.0.0.0,CN,San Jose,官方,148 ms,null Mbps,null kB/s
27.50.49.225,443,0.0.0.0,CN,San Jose,官方,156 ms,null Mbps,null kB/s
27.50.49.251,443,0.0.0.0,CN,San Jose,官方,172 ms,null Mbps,null kB/s
27.50.49.233,443,0.0.0.0,CN,San Jose,官方,172 ms,null Mbps,null kB/s
27.50.49.252,443,0.0.0.0,CN,San Jose,官方,154 ms,null Mbps,null kB/s
27.50.49.202,443,0.0.0.0,CN,San Jose,官方,149 ms,null Mbps,null kB/s
27.50.49.250,443,0.0.0.0,CN,San Jose,官方,158 ms,null Mbps,null kB/s
27.50.49.213,443,0.0.0.0,CN,San Jose,官方,165 ms,null Mbps,null kB/s
27.50.49.240,443,0.0.0.0,CN,San Jose,官方,157 ms,null Mbps,null kB/s
27.50.49.246,443,0.0.0.0,CN,San Jose,官方,145 ms,null Mbps,null kB/s
27.50.49.231,443,0.0.0.0,CN,San Jose,官方,160 ms,null Mbps,null kB/s
27.50.49.249,443,0.0.0.0,CN,San Jose,官方,145 ms,null Mbps,null kB/s
103.175.14.144,443,103.175.14.144,HK,Hong Kong,中转,41 ms,26 Mbps,3454 kB/s
27.50.49.238,443,0.0.0.0,CN,San Jose,官方,151 ms,null Mbps,null kB/s
27.50.49.248,443,0.0.0.0,CN,San Jose,官方,146 ms,null Mbps,null kB/s
27.50.49.244,443,0.0.0.0,CN,San Jose,官方,156 ms,null Mbps,null kB/s
27.50.49.230,443,0.0.0.0,CN,San Jose,官方,147 ms,null Mbps,null kB/s
27.50.49.226,443,0.0.0.0,CN,San Jose,官方,160 ms,null Mbps,null kB/s
129.226.116.46,443,129.226.116.46,HK,Hong Kong,中转,149 ms,1 Mbps,194 kB/s
27.50.49.220,443,0.0.0.0,CN,San Jose,官方,1184 ms,null Mbps,null kB/s
18.162.97.34,443,18.162.97.34,HK,Hong Kong,中转,126 ms,6 Mbps,870 kB/s
27.50.49.245,443,0.0.0.0,CN,San Jose,官方,149 ms,null Mbps,null kB/s
27.50.49.228,443,0.0.0.0,CN,San Jose,官方,147 ms,null Mbps,null kB/s
27.50.49.254,443,0.0.0.0,CN,San Jose,官方,171 ms,null Mbps,null kB/s
27.50.49.173,443,0.0.0.0,CN,San Jose,官方,158 ms,null Mbps,null kB/s
27.50.49.253,443,0.0.0.0,CN,San Jose,官方,168 ms,null Mbps,null kB/s
27.50.49.234,443,0.0.0.0,CN,San Jose,官方,182 ms,null Mbps,null kB/s
43.159.196.17,443,43.159.196.17,HK,Hong Kong,中转,149 ms,1 Mbps,129 kB/s
116.204.210.10,443,116.204.210.10,HK,Hong Kong,中转,48 ms,0 Mbps,110 kB/s
27.50.49.239,443,0.0.0.0,CN,San Jose,官方,144 ms,null Mbps,null kB/s
27.50.49.241,443,0.0.0.0,CN,San Jose,官方,159 ms,null Mbps,null kB/s
27.50.49.247,443,0.0.0.0,CN,San Jose,官方,151 ms,null Mbps,null kB/s
27.50.49.102,443,0.0.0.0,CN,San Jose,官方,192 ms,null Mbps,null kB/s
116.204.210.11,443,116.204.210.11,HK,Hong Kong,中转,45 ms,25 Mbps,3264 kB/s
27.50.49.237,443,0.0.0.0,CN,San Jose,官方,145 ms,null Mbps,null kB/s
74.48.72.207,443,2607:f130:0:ee:ff:ff:5040:cb4e,US,Los Angeles,隧道,172 ms,76 Mbps,9732 kB/s
74.48.85.50,443,2607:f130:0:105:216:3cff:fe80:6d6d,US,Los Angeles,隧道,158 ms,93 Mbps,11980 kB/s
142.171.9.13,443,142.171.9.13,US,Los Angeles,中转,166 ms,67 Mbps,8592 kB/s
129.146.248.140,443,129.146.248.140,US,Los Angeles,中转,164 ms,64 Mbps,8197 kB/s
107.172.98.6,443,2001:470:c:30a::2,US,Los Angeles,隧道,169 ms,22 Mbps,2830 kB/s
192.9.159.65,443,192.9.159.65,US,San Jose,中转,161 ms,2 Mbps,307 kB/s
129.146.254.39,443,2603:c020:9:e483:690:2c88:ed7a:3091,US,Los Angeles,隧道,165 ms,42 Mbps,5485 kB/s
192.237.192.175,443,72.32.4.100,US,Dallas,隧道,184 ms,0 Mbps,45 kB/s
129.146.46.164,443,129.146.46.164,US,Los Angeles,中转,177 ms,106 Mbps,13619 kB/s
27.50.49.196,443,0.0.0.0,CN,San Jose,官方,173 ms,null Mbps,null kB/s
103.172.134.143,443,103.172.134.143,HK,Hong Kong,中转,434 ms,3 Mbps,491 kB/s
204.216.218.114,443,204.216.218.114,IT,Zurich,中转,274 ms,22 Mbps,2871 kB/s
130.61.176.29,443,130.61.176.29,DE,Frankfurt,中转,235 ms,9 Mbps,1187 kB/s
192.210.213.192,443,192.210.213.192,US,Atlanta,中转,213 ms,26 Mbps,3442 kB/s
152.70.234.188,443,152.70.234.188,KR,Tokyo,中转,63 ms,26 Mbps,3388 kB/s
173.249.197.84,443,2607:9000:8000:22:216:3cff:fe75:fe05,US,San Jose,隧道,168 ms,105 Mbps,13516 kB/s
146.190.114.215,443,2604:a880:4:1d0::340:a000,US,San Jose,隧道,162 ms,54 Mbps,6974 kB/s
130.162.184.173,443,130.162.184.173,GB,London,中转,214 ms,1 Mbps,215 kB/s
27.50.49.222,443,0.0.0.0,CN,San Jose,官方,155 ms,null Mbps,null kB/s
43.199.36.32,443,43.199.36.32,HK,Hong Kong,中转,229 ms,0 Mbps,8 kB/s
146.190.155.154,443,2604:a880:4:1d0::5bc:f000,US,San Jose,隧道,149 ms,39 Mbps,5092 kB/s
130.61.83.37,443,130.61.83.37,DE,Frankfurt,中转,237 ms,1 Mbps,198 kB/s
173.249.207.151,443,2607:9000:8000:22:216:3cff:fe5e:bc07,US,San Jose,隧道,157 ms,95 Mbps,12185 kB/s
130.61.97.75,443,98.98.166.174,AE,Frankfurt,隧道,226 ms,20 Mbps,2604 kB/s
74.48.140.177,443,2607:f130:0:f0::6a5,US,Los Angeles,隧道,1188 ms,98 Mbps,12595 kB/s
47.57.13.107,443,8.212.22.216,HK,Hong Kong,隧道,47 ms,1 Mbps,156 kB/s
143.198.130.24,443,143.198.130.24,US,San Jose,中转,152 ms,2 Mbps,262 kB/s
24.199.115.220,443,24.199.115.220,US,San Jose,中转,149 ms,59 Mbps,7555 kB/s
27.50.48.255,443,0.0.0.0,CN,San Jose,官方,157 ms,null Mbps,null kB/s
154.211.8.30,443,0.0.0.0,CN,San Jose,官方,179 ms,null Mbps,null kB/s
8.218.87.104,443,8.218.87.104,HK,Hong Kong,中转,40 ms,48 Mbps,6244 kB/s
154.211.8.58,443,0.0.0.0,CN,San Jose,官方,157 ms,null Mbps,null kB/s
27.50.49.206,443,0.0.0.0,CN,San Jose,官方,153 ms,null Mbps,null kB/s
27.50.49.191,443,0.0.0.0,CN,San Jose,官方,150 ms,null Mbps,null kB/s
194.156.99.2,443,194.156.99.2,CN,Hong Kong,中转,306 ms,22 Mbps,2817 kB/s
103.172.135.188,443,103.172.135.188,HK,Hong Kong,中转,319 ms,20 Mbps,2607 kB/s
194.156.99.186,443,194.156.99.186,CN,Hong Kong,中转,311 ms,22 Mbps,2839 kB/s
129.146.133.33,443,129.146.133.33,US,Los Angeles,中转,167 ms,79 Mbps,10137 kB/s
64.23.181.202,443,2604:a880:4:1d0::2e3:5000,US,San Jose,隧道,162 ms,62 Mbps,8004 kB/s
192.18.159.129,443,192.18.159.129,CA,Toronto,中转,0 ms,4 Mbps,526 kB/s
154.211.8.26,443,0.0.0.0,CN,San Jose,官方,147 ms,null Mbps,null kB/s
192.9.250.241,443,192.9.250.241,US,,中转,0 ms,1 Mbps,230 kB/s
103.160.204.144,443,0.0.0.0,CN,San Jose,官方,162 ms,null Mbps,null kB/s
144.22.252.124,443,144.22.252.124,BR,S